{
    "loss": 0.6239003539085388,
    "accuracy": 0.9568965435028076
}