{
    "loss": 0.613097071647644,
    "accuracy": 0.9482758641242981
}