{
    "loss": 1.0274043083190918,
    "accuracy": 0.8706896305084229
}